"filing_year","area","rental_units_total","eviction_filings_total","eviction_filings_rate","eviction_filings_sealed","eviction_filings_unclear","eviction_filings_completed","case_type_single_action","case_type_joint_action","back_rent_median","back_rent_0","back_rent_1_to_999","back_rent_1000_to_2499","back_rent_2500_to_4999","back_rent_5000_or_more","landlord_prose","landlord_represented","tenant_prose","tenant_represented","tenant_rep_pa","tenant_rep_laa","eviction_order_yes","eviction_order_no","eviction_order_yes_tenant_prose","eviction_order_no_tenant_prose","eviction_order_yes_tenant_represented","eviction_order_no_tenant_represented","eviction_order_yes_tenant_rep_pa","eviction_order_no_tenant_rep_pa","eviction_order_yes_tenant_rep_laa","eviction_order_no_tenant_rep_laa","ftu_eviction_order","ftu_other_outcome","ftu_no_outcome","ftu_eviction_order_tenant_prose","ftu_other_outcome_tenant_prose","ftu_no_outcome_tenant_prose","ftu_eviction_order_tenant_represented","ftu_other_outcome_tenant_represented","ftu_no_outcome_tenant_represented","default_eviction_order_yes","default_eviction_order_no","default_eviction_order_yes_tenant_prose","default_eviction_order_no_tenant_prose","default_eviction_order_yes_tenant_represented","default_eviction_order_no_tenant_represented"
2010,1,15969,302,1.890,15,2,285,64,221,2368.240,63,40,81,62,39,68,217,245,40,26,14,172,113,156,89,16,24,13,13,3,11,99,23,163,95,23,127,4,0,36,38,247,37,208,1,39
2010,2,18008,439,2.440,9,1,429,56,373,2343.180,55,36,166,102,70,39,390,376,53,39,14,224,205,203,173,21,32,21,18,0,14,117,60,252,114,58,204,3,2,48,66,363,62,314,4,49
2010,3,15126,961,6.350,28,4,929,154,775,2298.810,148,123,295,244,119,119,810,818,111,74,37,538,391,495,323,43,68,35,39,8,29,271,109,549,264,109,445,7,0,104,166,763,158,660,8,103
2010,4,19362,1307,6.750,31,10,1266,116,1150,1467.100,108,412,392,232,122,56,1210,1145,121,81,40,629,637,587,558,42,79,36,45,6,34,414,251,601,409,250,486,5,1,115,174,1092,167,978,7,114
2010,5,19974,1205,6.030,25,8,1172,164,1008,1820,158,247,417,235,115,122,1050,1048,124,93,31,690,482,628,420,62,62,54,39,8,23,457,129,586,444,127,477,13,2,109,179,993,173,875,6,118
2010,6,15691,908,5.790,46,10,852,198,654,1750,195,129,327,153,48,296,556,770,82,69,13,582,270,538,232,44,38,43,26,1,12,390,60,402,378,57,335,12,3,67,120,732,116,654,4,78
2010,7,15444,1216,7.870,49,5,1162,224,938,1943.130,220,159,457,246,80,242,920,1059,103,77,26,795,367,742,317,53,50,45,32,8,18,527,107,528,514,106,439,13,1,89,183,979,179,880,4,99
2010,8,12734,865,6.790,37,7,821,227,594,1800,225,139,271,134,52,204,617,749,72,59,13,537,284,507,242,30,42,28,31,2,11,346,78,397,344,77,328,2,1,69,94,727,92,657,2,70
2010,9,9243,577,6.240,22,7,548,109,439,1295,106,190,144,76,32,184,364,481,67,45,22,275,273,251,230,24,43,23,22,1,21,178,99,271,171,99,211,7,0,60,52,496,52,429,0,67
2010,10,6895,282,4.090,20,4,258,65,193,1800,62,50,86,45,15,110,148,234,24,15,9,178,80,168,66,10,14,6,9,4,5,103,17,138,102,16,116,1,1,22,42,216,40,194,2,22
2010,11,10674,268,2.510,7,5,256,45,211,2400,45,26,85,74,26,78,178,233,23,21,2,154,102,142,91,12,11,11,10,1,1,87,27,142,86,27,120,1,0,22,38,218,37,196,1,22
2010,12,8388,264,3.150,20,0,244,71,173,1705,71,40,88,34,11,126,118,225,19,11,8,144,100,134,91,10,9,7,4,3,5,77,24,143,77,24,124,0,0,19,28,216,28,197,0,19
2010,13,3816,147,3.850,15,1,131,35,96,1847.250,33,18,49,18,13,60,71,113,18,14,4,74,57,65,48,9,9,9,5,0,4,38,8,85,37,8,68,1,0,17,12,119,12,101,0,18
2010,14,5433,164,3.020,16,1,147,37,110,1800,34,26,52,29,6,62,85,128,19,12,7,92,55,83,45,9,10,7,5,2,5,55,16,76,54,16,58,1,0,18,11,136,11,117,0,19
2010,15,8395,321,3.820,28,5,288,98,190,1612.500,96,39,97,40,16,166,122,256,32,28,4,190,98,173,83,17,15,17,11,0,4,122,30,136,119,29,108,3,1,28,40,248,39,217,1,31
2010,16,10370,620,5.980,50,5,565,148,417,1840,146,75,203,98,43,244,321,517,48,43,5,370,195,348,169,22,26,21,22,1,4,218,37,310,214,37,266,4,0,44,78,487,78,439,0,48
2010,17,11135,809,7.270,44,3,762,171,591,1650,169,151,289,110,43,273,489,691,71,55,16,491,271,459,232,32,39,25,30,7,9,307,71,384,302,69,320,5,2,64,102,660,98,593,4,67
2010,18,3346,179,5.350,16,3,160,43,117,2411.500,42,15,45,32,26,47,113,137,23,16,7,80,80,68,69,12,11,11,5,1,6,42,19,99,40,18,79,2,1,20,14,146,11,126,3,20
2010,19,3525,179,5.080,5,4,170,20,150,1916.250,20,18,76,36,20,29,141,158,12,11,1,82,88,74,84,8,4,7,4,1,0,50,17,103,49,17,92,1,0,11,25,145,25,133,0,12
2010,20,14838,906,6.110,61,10,835,193,642,1725,192,164,265,161,53,240,595,767,68,38,30,531,304,511,256,20,48,14,24,6,24,342,79,414,341,79,347,1,0,67,118,717,117,650,1,67
2010,21,8895,628,7.060,29,8,591,107,484,1675,106,44,328,85,28,167,424,540,51,34,17,384,207,360,180,24,27,20,14,4,13,267,70,254,260,70,210,7,0,44,76,515,75,465,1,50
2010,22,7374,178,2.410,6,2,170,62,108,1500,63,19,52,29,7,87,83,152,18,15,3,94,76,87,65,7,11,7,8,0,3,59,22,89,59,22,71,0,0,18,19,151,19,133,0,18
2010,23,4418,169,3.830,10,1,158,33,125,1600,34,27,58,24,15,52,106,148,10,8,2,95,63,91,57,4,6,3,5,1,1,56,17,85,56,17,75,0,0,10,22,136,22,126,0,10
2010,24,11260,622,5.520,39,4,579,141,438,1800,141,86,204,106,42,249,330,513,66,39,27,357,222,330,183,27,39,19,20,8,19,230,56,293,228,56,229,2,0,64,64,515,63,450,1,65
2010,25,12861,355,2.760,13,1,341,72,269,2000,70,77,83,68,43,77,264,302,39,27,12,174,167,159,143,15,24,13,14,2,10,99,50,192,98,50,154,1,0,38,49,292,47,255,2,37
2010,26,12641,469,3.710,30,6,433,121,312,1740,118,73,141,77,24,133,300,387,46,35,11,264,169,243,144,21,25,21,14,0,11,180,32,221,174,32,181,6,0,40,44,389,42,345,2,44
2010,27,15266,933,6.110,25,5,903,212,691,1930.920,208,208,217,165,105,135,768,779,124,54,70,464,439,430,349,34,90,22,32,12,58,275,117,511,273,115,391,2,2,120,103,800,100,679,3,121
2010,28,15451,848,5.490,39,4,805,165,640,1850,162,138,294,154,57,287,518,723,82,57,25,497,308,469,254,28,54,27,30,1,24,294,86,425,290,85,348,4,1,77,96,709,93,630,3,79
2010,29,11828,707,5.980,36,12,659,121,538,2000,120,99,242,145,53,215,444,594,65,48,17,407,252,377,217,30,35,30,18,0,17,247,59,353,241,58,295,6,1,58,109,550,103,491,6,59
2010,30,9323,258,2.770,24,2,232,62,170,2000,61,32,75,48,16,72,160,209,23,17,6,138,94,124,85,14,9,12,5,2,4,89,26,117,87,26,96,2,0,21,27,205,26,183,1,22
2010,31,9222,319,3.460,37,3,279,66,213,2000,65,35,109,46,24,103,176,244,35,26,9,181,98,163,81,18,17,16,10,2,7,111,27,141,110,26,108,1,1,33,32,247,30,214,2,33
2010,32,13041,179,1.370,6,4,169,31,138,2350,30,16,58,50,15,31,138,148,21,19,2,97,72,85,63,12,9,12,7,0,2,57,19,93,54,19,75,3,0,18,32,137,31,117,1,20
2010,33,11624,225,1.940,17,3,205,35,170,2251.600,30,21,74,60,20,34,171,173,32,29,3,127,78,113,60,14,18,14,15,0,3,73,15,117,72,15,86,1,0,31,33,172,32,141,1,31
2010,34,5510,356,6.460,36,3,317,91,226,2200,90,30,96,65,36,172,145,284,33,23,10,187,130,179,105,8,25,8,15,0,10,119,30,168,118,29,137,1,1,31,35,282,35,249,0,33
2010,35,11647,257,2.210,9,4,244,50,194,1890,49,38,84,55,18,71,173,203,41,30,11,160,84,135,68,25,16,24,6,1,10,97,19,128,94,19,90,3,0,38,35,209,35,168,0,41
2010,36,7074,215,3.040,27,5,183,60,123,2001.740,61,14,57,37,14,73,110,163,20,16,4,117,66,103,60,14,6,12,4,2,2,74,16,93,72,16,75,2,0,18,21,162,20,143,1,19
2010,37,10251,706,6.890,43,6,657,151,506,1725,148,120,239,115,35,306,351,589,68,55,13,431,226,399,190,32,36,27,28,5,8,277,56,324,276,54,259,1,2,65,113,544,109,480,4,64
2010,38,5855,134,2.290,15,3,116,27,89,2320,27,12,34,32,11,38,78,103,13,11,2,69,47,60,43,9,4,8,3,1,1,37,5,74,36,5,62,1,0,12,17,99,17,86,0,13
2010,39,8903,179,2.010,11,3,165,40,125,2416.770,40,19,44,47,15,29,136,147,18,10,8,109,56,99,48,10,8,6,4,4,4,66,12,87,65,12,70,1,0,17,23,142,22,125,1,17
2010,40,13493,308,2.280,19,1,288,56,232,2344.190,54,30,98,72,34,37,251,255,33,27,6,177,111,159,96,18,15,14,13,4,2,105,20,163,104,19,132,1,1,31,49,239,48,207,1,32
2010,41,6254,172,2.750,6,0,166,23,143,2100,20,21,70,37,18,26,140,154,12,11,1,88,78,84,70,4,8,4,7,0,1,54,30,82,54,30,70,0,0,12,18,148,18,136,0,12
2010,42,17700,726,4.100,11,9,706,27,679,3259.680,23,26,215,256,186,10,696,627,79,76,3,359,347,321,306,38,41,36,40,2,1,179,115,412,173,113,341,6,2,71,175,531,170,457,5,74
2010,43,16995,233,1.370,6,2,225,19,206,2408.440,17,16,90,56,46,5,220,205,20,17,3,110,115,101,104,9,11,9,8,0,3,62,32,131,60,31,114,2,1,17,38,187,36,169,2,18
2010,44,22990,292,1.270,3,4,285,19,266,1935,18,61,101,72,33,9,276,256,29,27,2,140,145,126,130,14,15,14,13,0,2,88,46,151,86,45,125,2,1,26,53,232,52,204,1,28
2010,45,8822,244,2.770,18,1,225,41,184,2338.740,37,12,94,63,19,55,170,205,20,17,3,140,85,130,75,10,10,9,8,1,2,86,17,122,84,17,104,2,0,18,32,193,31,174,1,19
2010,46,20756,584,2.810,3,2,579,61,518,1854.860,61,115,221,143,39,27,552,519,60,36,24,331,248,306,213,25,35,21,15,4,20,201,79,299,197,78,244,4,1,55,92,487,89,430,3,57
2010,47,16758,163,0.970,5,4,154,32,122,2292.500,34,21,44,33,22,12,142,137,17,11,6,93,61,86,51,7,10,7,4,0,6,57,20,77,57,20,60,0,0,17,18,136,18,119,0,17
2010,48,20442,658,3.220,7,2,649,40,609,2488.910,35,76,232,231,75,34,615,600,49,36,13,393,256,366,234,27,22,24,12,3,10,242,63,344,241,63,296,1,0,48,100,549,97,503,3,46
2010,49,18427,716,3.890,13,10,693,77,616,2199.640,74,75,294,193,57,88,605,626,67,53,14,445,248,411,215,34,33,32,21,2,12,279,66,348,275,64,287,4,2,61,108,585,107,519,1,66
2010,50,9248,366,3.960,23,3,340,48,292,2645.250,48,32,101,106,53,54,286,303,37,35,2,219,121,198,105,21,16,21,14,0,2,142,31,167,138,31,134,4,0,33,59,281,56,247,3,34
2011,1,,377,2.360,19,3,355,98,257,2040,94,56,94,67,44,87,268,306,49,33,16,189,166,174,132,15,34,14,19,1,15,111,31,213,109,31,166,2,0,47,42,313,42,264,0,49
2011,2,,506,2.770,13,10,483,64,419,2527.780,61,48,159,137,78,65,418,428,55,45,10,264,219,240,188,24,31,22,23,2,8,160,62,261,156,61,211,4,1,50,85,398,78,350,7,48
2011,3,,970,6.240,24,7,939,129,810,2462.500,126,154,259,259,141,129,810,814,125,83,42,501,438,458,356,43,82,37,46,6,36,272,92,575,269,88,457,3,4,118,149,790,142,672,7,118
2011,4,,1229,6.170,20,12,1197,134,1063,1400,121,374,401,184,117,55,1142,1079,118,85,33,599,598,550,529,49,69,43,42,6,27,350,178,669,345,175,559,5,3,110,175,1022,164,915,11,107
2011,5,,1208,6.030,16,7,1185,215,970,1884,198,224,391,217,155,132,1053,1073,112,91,21,719,466,666,407,53,59,51,40,2,19,419,101,665,415,99,559,4,2,106,189,996,179,894,10,102
2011,6,,920,5.960,31,9,880,218,662,1760.970,210,124,334,159,53,293,587,798,82,60,22,555,325,522,276,33,49,27,33,6,16,337,64,479,330,61,407,7,3,72,124,756,119,679,5,77
2011,7,,1295,8.520,20,12,1263,255,1008,1743.750,248,191,533,233,58,250,1013,1152,111,87,24,810,453,749,403,61,50,52,35,9,15,487,93,683,479,92,581,8,1,102,186,1077,180,972,6,105
2011,8,,827,6.520,21,11,795,212,583,1800,210,116,279,134,56,190,605,712,83,66,17,531,264,498,214,33,50,31,35,2,15,334,60,401,332,56,324,2,4,77,116,679,114,598,2,81
2011,9,,689,7.390,26,8,655,140,515,1302.950,139,193,195,83,45,199,456,577,78,33,45,354,301,338,239,16,62,13,20,3,42,248,76,331,246,73,258,2,3,73,69,586,69,508,0,78
2011,10,,299,4.330,15,3,281,46,235,1900,46,49,97,57,32,132,149,251,30,27,3,184,97,168,83,16,14,15,12,1,2,104,27,150,103,27,121,1,0,29,48,233,47,204,1,29
2011,11,,301,2.790,7,4,290,48,242,2265,47,29,102,81,31,105,185,255,35,30,5,199,91,177,78,22,13,21,9,1,4,112,24,154,107,24,124,5,0,30,51,239,50,205,1,34
2011,12,,323,3.820,13,3,307,91,216,1800,90,43,101,54,19,151,156,279,28,23,5,203,104,187,92,16,12,16,7,0,5,118,29,160,117,29,133,1,0,27,43,264,40,239,3,25
2011,13,,155,3.900,18,1,136,32,104,1900,32,20,42,27,15,57,79,116,20,19,1,79,57,70,46,9,11,9,10,0,1,45,12,79,44,11,61,1,1,18,16,120,15,101,1,19
2011,14,,203,3.620,15,1,187,56,131,1810,55,28,59,32,13,80,107,162,25,20,5,113,74,100,62,13,12,10,10,3,2,66,14,107,65,14,83,1,0,24,23,164,23,139,0,25
2011,15,,285,3.400,15,0,270,83,187,1800,81,35,97,48,9,150,120,242,28,20,8,174,96,161,81,13,15,10,10,3,5,101,23,146,99,22,121,2,1,25,35,235,34,208,1,27
2011,16,,642,6.220,30,4,608,165,443,1800,159,86,204,108,51,265,343,552,56,42,14,402,206,371,181,31,25,27,15,4,10,221,39,348,217,39,296,4,0,52,80,528,76,476,4,52
2011,17,,758,6.830,24,2,732,157,575,1820,155,115,276,140,46,255,477,658,74,59,15,477,255,436,222,41,33,34,25,7,8,281,49,402,275,49,334,6,0,68,95,637,95,563,0,74
2011,18,,160,4.630,17,1,142,39,103,2400,37,10,44,31,20,43,99,126,16,11,5,83,59,76,50,7,9,6,5,1,4,37,9,96,36,9,81,1,0,15,19,123,18,108,1,15
2011,19,,196,5.450,8,4,184,24,160,1739.500,23,25,93,29,14,23,161,164,20,17,3,106,78,92,72,14,6,12,5,2,1,55,18,111,54,17,93,1,1,18,20,164,20,144,0,20
2011,20,,1062,7.090,37,9,1016,228,788,1756,222,183,349,181,81,258,758,912,104,74,30,682,334,629,283,53,51,44,30,9,21,417,76,523,413,74,425,4,2,98,155,861,151,761,4,100
2011,21,,650,7.240,21,2,627,107,520,1950,100,52,331,96,48,170,457,567,60,50,10,414,213,381,186,33,27,30,20,3,7,269,46,312,266,46,255,3,0,57,98,529,97,470,1,59
2011,22,,195,2.620,16,0,179,58,121,1600,58,29,51,27,14,97,82,165,14,9,5,115,64,111,54,4,10,4,5,0,5,71,19,89,71,17,77,0,2,12,23,156,23,142,0,14
2011,23,,181,3.990,10,2,169,35,134,1650,34,30,66,28,11,52,117,153,16,11,5,107,62,101,52,6,10,6,5,0,5,56,14,99,56,14,83,0,0,16,23,146,23,130,0,16
2011,24,,687,6.090,21,12,654,151,503,1977.500,150,110,204,126,64,263,391,570,84,46,38,407,247,378,192,29,55,19,27,10,28,230,35,389,228,34,308,2,1,81,102,552,98,472,4,80
2011,25,,412,3.160,9,6,397,89,308,2500,83,55,101,84,74,93,304,353,44,29,15,228,169,207,146,21,23,21,8,0,15,131,37,229,128,36,189,3,1,40,60,337,59,294,1,43
2011,26,,518,4.090,31,2,485,122,363,1998.180,120,64,169,86,46,134,351,424,61,47,14,303,182,272,152,31,30,29,18,2,12,174,41,270,170,41,213,4,0,57,62,423,62,362,0,61
2011,27,,1031,6.630,28,3,1000,216,784,1619.960,213,249,280,179,79,112,888,858,142,68,74,541,459,503,355,38,104,32,36,6,68,324,112,564,322,110,426,2,2,138,127,873,121,737,6,136
2011,28,,859,5.590,35,12,812,177,635,2000,173,134,252,168,85,265,547,713,99,66,33,482,330,445,268,37,62,34,32,3,30,261,70,481,254,68,391,7,2,90,121,691,117,596,4,95
2011,29,,834,7.140,32,6,796,112,684,1794.920,108,139,326,168,55,247,549,735,61,43,18,491,305,464,271,27,34,24,19,3,15,311,75,410,309,74,352,2,1,58,134,662,129,606,5,56
2011,30,,328,3.510,34,4,290,78,212,1750,77,38,108,51,16,84,206,255,35,30,5,177,113,159,96,18,17,15,15,3,2,96,25,169,95,24,136,1,1,33,41,249,41,214,0,35
2011,31,,301,3.260,24,2,275,72,203,2100,71,25,98,60,21,84,191,240,35,25,10,166,109,151,89,15,20,14,11,1,9,93,25,157,91,23,126,2,2,31,31,244,30,210,1,34
2011,32,,189,1.460,4,4,181,36,145,2430,35,13,63,53,17,37,144,154,27,25,2,97,84,85,69,12,15,10,15,2,0,55,20,106,54,19,81,1,1,25,27,154,27,127,0,27
2011,33,,263,2.230,23,5,235,58,177,2216.500,58,27,77,53,20,45,190,205,30,23,7,136,99,126,79,10,20,9,14,1,6,82,18,135,81,18,106,1,0,29,34,201,34,171,0,30
2011,34,,385,6.950,23,2,360,100,260,2250,100,49,92,73,46,195,165,324,36,28,8,235,125,212,112,23,13,18,10,5,3,126,29,205,124,29,171,2,0,34,55,305,53,271,2,34
2011,35,,307,2.630,15,4,288,79,209,2093.400,77,38,94,53,26,80,208,254,34,26,8,173,115,156,98,17,17,15,11,2,6,96,21,171,94,21,139,2,0,32,44,244,42,212,2,32
2011,36,,228,3.240,31,1,196,66,130,2250,63,21,53,34,25,63,133,177,19,18,1,127,69,114,63,13,6,12,6,1,0,83,11,102,83,11,83,0,0,19,17,179,16,161,1,18
2011,37,,814,7.980,38,9,767,167,600,1650,162,140,293,120,52,297,470,696,71,49,22,463,304,436,260,27,44,24,25,3,19,280,70,417,277,69,350,3,1,67,98,669,94,602,4,67
2011,38,,174,2.920,15,1,158,43,115,2280.670,43,21,44,34,16,38,120,144,14,12,2,93,65,86,58,7,7,7,5,0,2,49,13,96,49,12,83,0,1,13,20,138,20,124,0,14
2011,39,,206,2.320,13,1,192,39,153,2135,38,25,63,38,28,33,159,161,31,25,6,119,73,101,60,18,13,17,8,1,5,50,14,128,50,14,97,0,0,31,22,170,22,139,0,31
2011,40,,277,2.030,17,4,256,44,212,2480,43,19,89,55,50,51,205,229,27,23,4,155,101,140,89,15,12,15,8,0,4,83,18,155,79,18,132,4,0,23,41,215,40,189,1,26
2011,41,,164,2.570,6,4,154,20,134,2306.420,20,20,56,34,24,18,136,134,20,19,1,95,59,84,50,11,9,10,9,1,0,58,19,77,55,19,60,3,0,17,36,118,35,99,1,19
2011,42,,531,2.790,7,11,513,29,484,3399.160,28,19,140,172,154,11,502,443,70,69,1,250,263,221,222,29,41,29,40,0,1,133,69,311,129,68,246,4,1,65,96,417,91,352,5,65
2011,43,,212,1.240,4,5,203,24,179,2859.500,21,16,63,51,52,6,197,173,30,25,5,97,106,84,89,13,17,11,14,2,3,46,20,137,45,20,108,1,0,29,40,163,38,135,2,28
2011,44,,226,0.990,3,6,217,14,203,1920,14,28,95,50,30,12,205,192,25,22,3,113,104,98,94,15,10,14,8,1,2,67,24,126,66,24,102,1,0,24,36,181,33,159,3,22
2011,45,,247,2.790,10,3,234,39,195,2096.250,38,28,99,46,23,45,189,205,29,22,7,146,88,131,74,15,14,14,8,1,6,81,22,131,80,21,104,1,1,27,39,195,39,166,0,29
2011,46,,591,2.830,7,6,578,56,522,2182,48,89,217,157,67,26,552,518,60,42,18,317,261,300,218,17,43,13,29,4,14,183,68,327,180,65,273,3,3,54,98,480,95,423,3,57
2011,47,,163,0.970,2,1,160,28,132,2246.690,30,17,55,36,22,30,130,139,21,18,3,96,64,81,58,15,6,14,4,1,2,49,11,100,47,11,81,2,0,19,15,145,14,125,1,20
2011,48,,690,3.350,10,3,677,48,629,2602,38,62,238,236,103,25,652,614,63,50,13,419,258,391,223,28,35,27,23,1,12,266,74,337,263,71,280,3,3,57,138,539,133,481,5,58
2011,49,,757,4.040,7,9,741,79,662,2165,72,103,289,204,73,83,658,670,71,55,16,456,285,414,256,42,29,37,18,5,11,276,51,414,270,50,350,6,1,64,115,626,113,557,2,69
2011,50,,384,4.030,22,4,358,49,309,2832.880,46,28,106,118,60,44,314,325,33,28,5,232,126,215,110,17,16,17,11,0,5,137,33,188,133,33,159,4,0,29,70,288,69,256,1,32
2012,1,,341,2.130,24,8,309,89,220,1750.560,90,70,63,57,29,59,250,273,36,27,9,171,138,155,118,16,20,15,12,1,8,101,28,180,99,28,146,2,0,34,46,263,44,229,2,34
2012,2,,412,2.220,21,3,388,56,332,2400,56,51,124,97,60,37,351,359,29,24,5,215,173,199,160,16,13,15,9,1,4,134,56,198,132,56,171,2,0,27,80,308,75,284,5,24
2012,3,,1051,6.590,45,5,1001,153,848,1926.910,149,210,306,221,115,102,899,875,126,79,47,542,459,490,385,52,74,41,38,11,36,289,148,564,285,147,443,4,1,121,193,808,185,690,8,118
2012,4,,1211,5.920,30,15,1166,120,1046,1554.380,116,321,419,194,116,54,1112,1053,113,78,35,584,582,544,509,40,73,35,43,5,30,367,218,581,361,216,476,6,2,105,219,947,208,845,11,102
2012,5,,1166,5.810,29,9,1128,194,934,1768,189,195,428,180,136,114,1014,1018,110,88,22,733,395,684,334,49,61,43,45,6,16,421,83,624,415,81,522,6,2,102,231,897,225,793,6,104
2012,6,,1093,7.200,41,9,1043,217,826,1575.710,213,160,418,184,68,341,702,961,82,72,10,690,353,661,300,29,53,29,43,0,10,423,48,572,421,47,493,2,1,79,198,845,197,764,1,81
2012,7,,1541,10.310,32,16,1493,262,1231,1702,260,179,708,259,87,251,1242,1375,118,91,27,956,537,910,465,46,72,40,51,6,21,542,109,842,538,106,731,4,3,111,319,1174,317,1058,2,116
2012,8,,954,7.550,34,6,914,188,726,1700,181,147,367,160,59,201,713,855,59,47,12,598,316,578,277,20,39,19,28,1,11,376,59,479,375,59,421,1,0,58,180,734,177,678,3,56
2012,9,,741,7.880,30,8,703,129,574,1068,130,276,167,81,49,199,504,627,76,38,38,442,261,422,205,20,56,17,21,3,35,294,63,346,293,58,276,1,5,70,135,568,134,493,1,75
2012,10,,350,5.060,22,0,328,89,239,1650,87,59,109,51,22,130,198,296,32,28,4,200,128,192,104,8,24,8,20,0,4,122,38,168,122,38,136,0,0,32,72,256,72,224,0,32
2012,11,,277,2.540,8,1,268,49,219,2340.500,50,23,91,72,32,97,171,237,31,24,7,175,93,158,79,17,14,15,9,2,5,103,17,148,102,17,118,1,0,30,58,210,57,180,1,30
2012,12,,272,3.200,25,2,245,70,175,1600,70,31,100,28,16,111,134,225,20,17,3,163,82,155,70,8,12,6,11,2,1,97,14,134,97,14,114,0,0,20,40,205,40,185,0,20
2012,13,,172,4.170,33,3,136,44,92,2450,45,7,39,28,17,33,103,109,27,23,4,81,55,65,44,16,11,15,8,1,3,43,9,84,40,9,60,3,0,24,17,119,16,93,1,26
2012,14,,224,3.880,36,1,187,51,136,1500,50,28,66,34,9,60,127,164,23,18,5,126,61,117,47,9,14,7,11,2,3,72,11,104,70,11,83,2,0,21,28,159,27,137,1,22
2012,15,,346,4.120,33,4,309,90,219,1850,90,45,91,59,24,170,139,280,29,24,5,219,90,202,78,17,12,16,8,1,4,117,17,175,116,17,147,1,0,28,61,248,59,221,2,27
2012,16,,738,7.200,60,5,673,184,489,2000,184,88,206,136,59,271,402,608,65,50,15,447,226,418,190,29,36,26,24,3,12,279,31,363,279,31,298,0,0,65,130,543,128,480,2,63
2012,17,,822,7.430,44,9,769,168,601,1650,166,88,353,123,39,223,546,711,58,48,10,485,284,467,244,18,40,15,33,3,7,280,38,451,277,37,397,3,1,54,159,610,159,552,0,58
2012,18,,202,5.670,19,1,182,47,135,2452.500,48,23,45,40,26,57,125,163,19,16,3,120,62,108,55,12,7,11,5,1,2,62,8,112,61,8,94,1,0,18,43,139,43,120,0,19
2012,19,,144,3.930,5,2,137,29,108,1734.130,29,29,42,26,11,26,111,113,24,23,1,71,66,63,50,8,16,8,15,0,1,45,13,79,44,13,56,1,0,23,18,119,15,98,3,21
2012,20,,1019,6.750,53,11,955,192,763,1800,195,189,303,191,77,231,724,893,62,49,13,665,290,645,248,20,42,17,32,3,10,432,48,475,429,47,417,3,1,58,196,759,194,699,2,60
2012,21,,670,7.390,20,4,646,108,538,1650,106,50,363,88,39,167,479,580,66,51,15,405,241,376,204,29,37,25,26,4,11,252,56,338,252,55,273,0,1,65,126,520,122,458,4,62
2012,22,,254,3.390,34,2,218,76,142,1700,75,25,75,32,11,102,116,193,25,22,3,138,80,123,70,15,10,15,7,0,3,77,5,136,74,4,115,3,1,21,26,192,24,169,2,23
2012,23,,192,4.120,23,3,166,53,113,1927.500,54,16,58,30,8,37,129,141,25,24,1,100,66,89,52,11,14,11,13,0,1,62,19,85,61,18,62,1,1,23,31,135,31,110,0,25
2012,24,,734,6.500,43,4,687,135,552,1850,137,106,256,128,60,224,463,616,71,52,19,459,228,428,188,31,40,27,25,4,15,287,38,362,286,38,292,1,0,70,142,545,136,480,6,65
2012,25,,346,2.620,9,4,333,70,263,2574.640,68,39,91,80,55,77,256,293,40,29,11,177,156,160,133,17,23,14,15,3,8,100,34,199,96,33,164,4,1,35,65,268,63,230,2,38
2012,26,,534,4.200,46,8,480,122,358,1800,124,68,180,79,29,149,331,426,54,44,10,304,176,277,149,27,27,23,21,4,6,176,41,263,173,40,213,3,1,50,92,388,90,336,2,52
2012,27,,842,5.320,42,10,790,179,611,1664,181,172,235,141,61,116,674,666,124,66,58,444,346,402,264,42,82,34,32,8,50,250,88,452,244,82,340,6,6,112,120,670,114,552,6,118
2012,28,,943,6.160,50,6,887,178,709,1850,174,147,312,164,90,250,637,805,82,53,29,566,321,538,267,28,54,25,28,3,26,352,100,435,348,99,358,4,1,77,158,729,157,648,1,81
2012,29,,872,7.560,44,7,821,105,716,1661,105,149,354,150,63,225,596,752,69,55,14,520,301,484,268,36,33,32,23,4,10,302,64,455,298,64,390,4,0,65,176,645,176,576,0,69
2012,30,,309,3.300,40,3,266,78,188,2092.500,78,29,83,57,19,78,188,238,28,21,7,168,98,157,81,11,17,11,10,0,7,98,13,155,96,12,130,2,1,25,48,218,47,191,1,27
2012,31,,372,4.020,43,1,328,76,252,1950,76,31,136,54,31,87,241,301,27,20,7,214,114,195,106,19,8,17,3,2,5,128,20,180,127,20,154,1,0,26,61,267,60,241,1,26
2012,32,,200,1.550,17,4,179,36,143,2699.550,35,15,53,50,26,24,155,154,25,23,2,97,82,83,71,14,11,13,10,1,1,55,20,104,54,20,80,1,0,24,30,149,29,125,1,24
2012,33,,265,2.220,16,4,245,45,200,2306.460,45,22,89,62,27,47,198,210,35,31,4,144,101,126,84,18,17,16,15,2,2,77,19,149,75,18,117,2,1,32,41,204,40,170,1,34
2012,34,,414,7.430,39,2,373,87,286,2258.500,87,34,124,92,36,177,196,333,40,31,9,230,143,215,118,15,25,13,18,2,7,132,24,217,131,24,178,1,0,39,67,306,65,268,2,38
2012,35,,294,2.510,27,2,265,63,202,1944,61,40,86,60,18,71,194,240,25,16,9,171,94,156,84,15,10,12,4,3,6,95,23,147,93,23,124,2,0,23,48,217,46,194,2,23
2012,36,,284,4.040,48,4,232,84,148,1954.960,84,21,71,36,20,66,166,199,33,30,3,143,89,123,76,20,13,18,12,2,1,81,14,137,80,14,105,1,0,32,45,187,43,156,2,31
2012,37,,857,8.450,40,3,814,138,676,1700,141,153,317,148,55,285,529,742,72,62,10,535,279,506,236,29,43,28,34,1,9,332,59,423,330,59,353,2,0,70,179,635,176,566,3,69
2012,38,,195,3.220,24,5,166,54,112,2232.080,54,15,47,25,25,38,128,138,28,26,2,107,59,88,50,19,9,19,7,0,2,56,11,99,55,11,72,1,0,27,30,136,29,109,1,27
2012,39,,203,2.290,18,1,184,33,151,2052.500,32,25,67,40,20,28,156,161,23,19,4,121,63,109,52,12,11,12,7,0,4,68,15,101,67,15,79,1,0,22,40,144,36,125,4,19
2012,40,,295,2.140,17,1,277,41,236,2395,40,22,99,82,34,45,232,251,26,26,0,176,101,157,94,19,7,19,7,0,0,110,18,149,107,18,126,3,0,23,56,221,52,199,4,22
2012,41,,180,2.760,10,1,169,25,144,2240.390,24,24,58,42,21,17,152,149,20,20,0,96,73,83,66,13,7,13,7,0,0,50,19,100,50,19,80,0,0,20,25,144,21,128,4,16
2012,42,,441,2.170,15,5,421,31,390,3625.100,30,17,101,155,118,12,409,371,50,49,1,204,217,184,187,20,30,20,29,0,1,110,68,243,108,68,195,2,0,48,91,330,89,282,2,48
2012,43,,170,0.980,2,2,166,26,140,2655,26,18,48,48,26,8,158,145,21,16,5,74,92,65,80,9,12,9,7,0,5,43,32,91,43,32,70,0,0,21,26,140,26,119,0,21
2012,44,,226,0.990,5,3,218,14,204,2060,15,24,100,47,32,6,212,201,17,16,1,108,110,101,100,7,10,6,10,1,0,60,34,124,59,34,108,1,0,16,47,171,47,154,0,17
2012,45,,263,2.960,18,2,243,65,178,2147.300,67,26,80,54,16,53,190,217,26,25,1,160,83,146,71,14,12,14,11,0,1,75,11,157,74,11,132,1,0,25,41,202,38,179,3,23
2012,46,,588,2.800,7,5,576,119,457,1810,117,86,222,107,44,22,554,513,63,40,23,320,256,289,224,31,32,23,17,8,15,196,82,298,191,81,241,5,1,57,107,469,103,410,4,59
2012,47,,133,0.790,4,3,126,22,104,2270.540,22,7,51,31,15,15,111,111,15,11,4,76,50,71,40,5,10,5,6,0,4,50,11,65,49,11,51,1,0,14,24,102,24,87,0,15
2012,48,,745,3.590,11,4,730,75,655,2007.500,54,62,353,180,81,23,707,666,64,45,19,379,351,353,313,26,38,23,22,3,16,211,122,397,207,121,338,4,1,59,158,572,153,513,5,59
2012,49,,902,4.750,23,13,866,122,744,2070,116,103,378,189,80,87,779,779,87,65,22,537,329,496,283,41,46,35,30,6,16,331,91,444,328,90,361,3,1,83,185,681,176,603,9,78
2012,50,,391,3.980,29,4,358,34,324,2529.750,34,25,134,107,58,43,315,315,43,36,7,223,135,201,114,22,21,19,17,3,4,107,37,214,105,37,173,2,0,41,73,285,69,246,4,39
2013,1,,279,1.740,28,5,246,73,173,2000,75,46,57,54,14,47,199,207,39,25,14,139,107,119,88,20,19,15,10,5,9,72,23,151,68,23,116,4,0,35,9,237,9,198,0,39
2013,2,,267,1.420,14,2,251,40,211,2855.770,38,19,78,58,58,19,232,216,35,26,9,149,102,138,78,11,24,10,16,1,8,90,36,125,90,36,90,0,0,35,23,228,23,193,0,35
2013,3,,1076,6.580,43,9,1024,198,826,2071.920,171,229,261,219,144,107,917,894,130,86,44,590,434,553,341,37,93,33,53,4,40,360,129,535,357,124,413,3,5,122,74,950,74,820,0,130
2013,4,,1016,4.840,20,10,986,123,863,1604.830,115,232,369,153,117,43,943,884,102,71,31,538,448,490,394,48,54,43,28,5,26,340,179,467,336,177,371,4,2,96,80,906,77,807,3,99
2013,5,,1220,6.060,32,10,1178,189,989,1870,179,211,424,222,142,104,1074,1065,113,91,22,730,448,673,392,57,56,50,41,7,15,434,125,619,427,122,516,7,3,103,104,1074,101,964,3,110
2013,6,,1127,7.550,86,12,1029,239,790,1710,238,146,398,174,73,294,735,932,97,82,15,678,351,631,301,47,50,45,37,2,13,344,60,625,337,59,536,7,1,89,78,951,76,856,2,95
2013,7,,1515,10.300,51,18,1446,248,1198,1700,241,181,703,229,92,229,1217,1341,105,88,17,951,495,903,438,48,57,46,42,2,15,512,109,825,507,108,726,5,1,99,123,1323,122,1219,1,104
2013,8,,949,7.540,47,12,890,184,706,1675,184,133,358,155,60,182,708,810,80,66,14,615,275,578,232,37,43,33,33,4,10,327,50,513,323,49,438,4,1,75,68,822,67,743,1,79
2013,9,,669,7.050,42,3,624,118,506,1225,117,224,171,88,24,200,424,566,58,35,23,419,205,401,165,18,40,14,21,4,19,277,47,300,276,47,243,1,0,57,51,573,51,515,0,58
2013,10,,276,3.990,19,3,254,62,192,1800,61,39,94,40,20,101,153,225,29,22,7,167,87,157,68,10,19,9,13,1,6,84,23,147,81,22,122,3,1,25,20,234,20,205,0,29
2013,11,,238,2.160,13,2,223,49,174,2000,46,32,71,55,19,54,169,188,35,27,8,127,96,116,72,11,24,10,17,1,7,70,25,128,68,23,97,2,2,31,20,203,18,170,2,33
2013,12,,287,3.350,25,1,261,70,191,1580,68,25,116,41,11,111,150,222,39,32,7,164,97,149,73,15,24,14,18,1,6,91,18,152,90,18,114,1,0,38,19,242,18,204,1,38
2013,13,,146,3.410,24,0,122,42,80,2548.060,41,10,29,27,15,32,90,104,18,16,2,68,54,58,46,10,8,10,6,0,2,36,13,73,35,13,56,1,0,17,9,113,9,95,0,18
2013,14,,192,3.230,19,0,173,57,116,1640,58,21,67,22,5,50,123,140,33,24,9,106,67,90,50,16,17,15,9,1,8,57,15,101,57,13,70,0,2,31,9,164,9,131,0,33
2013,15,,314,3.740,43,1,270,77,193,1800,78,39,82,60,11,153,117,237,33,30,3,189,81,171,66,18,15,16,14,2,1,99,20,151,98,20,119,1,0,32,23,247,23,214,0,33
2013,16,,708,6.940,72,8,628,146,482,1800,143,94,219,124,48,251,377,548,80,68,12,426,202,390,158,36,44,32,36,4,8,242,33,353,238,33,277,4,0,76,54,574,53,495,1,79
2013,17,,809,7.340,55,4,750,115,635,1700,119,114,345,96,76,202,548,681,69,59,10,513,237,477,204,36,33,34,25,2,8,268,42,440,265,42,374,3,0,66,50,700,48,633,2,67
2013,18,,213,5.800,38,2,173,44,129,2369.770,43,16,52,42,20,58,115,157,16,14,2,93,80,86,71,7,9,5,9,2,0,44,16,113,42,16,99,2,0,14,10,163,9,148,1,15
2013,19,,167,4.480,22,4,141,36,105,2399.130,35,20,38,32,16,24,117,118,23,21,2,85,56,74,44,11,12,11,10,0,2,54,15,72,52,15,51,2,0,21,11,130,10,108,1,22
2013,20,,1047,6.870,66,5,976,206,770,1859.500,206,180,305,206,79,224,752,883,93,63,30,633,343,592,291,41,52,34,29,7,23,336,63,577,329,60,494,7,3,83,75,901,74,809,1,92
2013,21,,663,7.250,42,3,618,92,526,1721.130,86,51,329,104,48,143,475,562,56,50,6,400,218,374,188,26,30,24,26,2,4,248,62,308,247,61,254,1,1,54,52,566,52,510,0,56
2013,22,,227,3,45,0,182,57,125,1745,56,26,63,27,10,92,90,158,24,20,4,123,59,109,49,14,10,13,7,1,3,68,3,111,68,3,87,0,0,24,14,168,14,144,0,24
2013,23,,202,4.230,24,0,178,48,130,1900,47,21,60,36,14,43,135,165,13,10,3,106,72,102,63,4,9,3,7,1,2,75,22,81,73,22,70,2,0,11,15,163,14,151,1,12
2013,24,,775,6.860,67,9,699,159,540,2038.750,155,89,244,135,76,253,446,619,80,59,21,480,219,446,173,34,46,29,30,5,16,270,47,382,266,45,308,4,2,74,43,656,43,576,0,80
2013,25,,323,2.420,37,4,282,68,214,2000,69,58,65,64,26,50,232,248,34,28,6,155,127,139,109,16,18,12,16,4,2,96,38,148,95,38,115,1,0,33,22,260,21,227,1,33
2013,26,,444,3.490,34,7,403,108,295,1977.500,111,53,142,66,31,119,284,351,52,33,19,252,151,236,115,16,36,14,19,2,17,151,23,229,148,22,181,3,1,48,28,375,25,326,3,49
2013,27,,860,5.340,57,11,792,179,613,1555,172,227,196,121,76,105,687,699,93,56,37,486,306,436,263,50,43,36,20,14,23,284,100,408,280,99,320,4,1,88,44,748,40,659,4,89
2013,28,,973,6.390,44,11,918,145,773,1631.530,142,210,332,176,58,222,696,806,112,78,34,555,363,512,294,43,69,37,41,6,28,322,102,494,317,101,388,5,1,106,83,835,78,728,5,107
2013,29,,867,7.610,55,9,803,106,697,1770,99,122,357,165,60,191,612,707,96,77,19,501,302,462,245,39,57,33,44,6,13,269,53,481,264,52,391,5,1,90,66,737,66,641,0,96
2013,30,,292,3.110,36,4,252,81,171,2190,81,26,71,51,23,69,183,225,27,24,3,174,78,154,71,20,7,18,6,2,1,95,21,136,93,20,112,2,1,24,16,236,13,212,3,24
2013,31,,343,3.700,53,2,288,94,194,1835.860,93,37,96,45,17,77,211,254,34,26,8,172,116,151,103,21,13,20,6,1,7,92,18,178,91,18,145,1,0,33,20,268,18,236,2,32
2013,32,,164,1.280,10,3,151,47,104,2597.500,47,11,40,38,15,20,131,129,22,17,5,67,84,59,70,8,14,7,10,1,4,42,24,85,41,24,64,1,0,21,9,142,7,122,2,20
2013,33,,269,2.220,30,2,237,50,187,2100,49,29,84,55,20,40,197,200,37,32,5,147,90,123,77,24,13,21,11,3,2,91,26,120,88,26,86,3,0,34,24,213,20,180,4,33
2013,34,,377,6.730,46,2,329,94,235,2051,94,31,115,56,33,168,161,287,42,30,12,221,108,197,90,24,18,21,9,3,9,112,20,197,111,19,157,1,1,40,24,305,23,264,1,41
2013,35,,291,2.470,30,6,255,67,188,1966.640,74,25,96,45,15,64,191,219,36,26,10,165,90,147,72,18,18,17,9,1,9,105,18,132,102,17,100,3,1,32,12,243,12,207,0,36
2013,36,,249,3.560,45,1,203,54,149,2300,56,14,65,44,24,69,134,161,42,35,7,123,80,99,62,24,18,23,12,1,6,69,18,116,65,18,78,4,0,38,15,188,15,146,0,42
2013,37,,765,7.590,51,5,709,144,565,1800,140,90,291,129,59,281,428,638,71,53,18,457,252,427,211,30,41,27,26,3,15,255,42,412,252,42,344,3,0,68,58,651,57,581,1,70
2013,38,,181,2.940,23,2,156,46,110,2227,44,9,55,33,15,45,111,131,25,24,1,110,46,92,39,18,7,18,6,0,1,56,9,91,52,9,70,4,0,21,10,146,9,122,1,24
2013,39,,212,2.400,19,2,191,36,155,2040,36,25,71,35,24,28,163,167,24,19,5,117,74,105,62,12,12,11,8,1,4,61,10,120,61,10,96,0,0,24,17,174,17,150,0,24
2013,40,,259,1.860,21,1,237,44,193,2685,44,12,76,60,45,38,199,201,36,30,6,151,86,133,68,18,18,18,12,0,6,85,25,127,83,24,94,2,1,33,19,218,19,182,0,36
2013,41,,171,2.570,17,0,154,15,139,1961.400,15,27,63,38,11,13,141,143,11,11,0,89,65,87,56,2,9,2,9,0,0,54,29,71,54,29,60,0,0,11,21,133,20,123,1,10
2013,42,,436,2.020,12,3,421,33,388,3861.600,32,11,94,156,128,11,410,360,61,59,2,204,217,176,184,28,33,28,31,0,2,107,77,237,103,77,180,4,0,57,40,381,38,322,2,59
2013,43,,155,0.890,0,4,151,19,132,3005.910,17,12,47,35,40,5,146,125,26,24,2,67,84,53,72,14,12,13,11,1,1,37,21,93,33,20,72,4,1,21,12,139,11,114,1,25
2013,44,,209,0.930,7,0,202,11,191,2222.460,10,23,82,54,33,3,199,174,28,26,2,106,96,95,79,11,17,11,15,0,2,68,28,106,66,27,81,2,1,25,24,178,23,151,1,27
2013,45,,236,2.650,20,2,214,41,173,1900,40,24,84,34,32,33,181,191,23,20,3,137,77,121,70,16,7,14,6,2,1,72,20,122,70,20,101,2,0,21,22,192,22,169,0,23
2013,46,,582,2.760,17,8,557,91,466,1676.190,90,110,217,90,50,6,551,502,55,32,23,299,258,282,220,17,38,13,19,4,19,178,87,292,177,85,240,1,2,52,54,503,52,450,2,53
2013,47,,118,0.700,3,0,115,31,84,2203.750,28,15,33,20,19,13,102,102,13,7,6,61,54,55,47,6,7,5,2,1,5,35,19,61,34,19,49,1,0,12,11,104,11,91,0,13
2013,48,,618,2.960,10,3,605,65,540,1844,64,81,286,120,54,26,579,553,52,37,15,336,269,312,241,24,28,23,14,1,14,201,99,305,200,98,255,1,1,50,71,534,70,483,1,51
2013,49,,840,4.350,24,13,803,128,675,2000,129,108,334,171,61,98,705,697,106,84,22,528,275,469,228,59,47,50,34,9,13,320,76,407,308,74,315,12,2,92,82,721,77,620,5,101
2013,50,,368,3.640,19,3,346,59,287,2392.500,58,16,139,106,27,55,291,302,44,39,5,198,148,169,133,29,15,26,13,3,2,120,38,188,115,38,149,5,0,39,36,310,34,268,2,42
2014,1,,258,1.610,37,3,218,70,148,2045,69,34,50,37,28,39,179,184,34,21,13,114,104,102,82,12,22,10,11,2,11,63,41,114,62,41,81,1,0,33,10,208,8,176,2,32
2014,2,,237,1.240,14,2,221,31,190,2800,30,24,63,55,49,16,205,193,28,24,4,104,117,99,94,5,23,5,19,0,4,63,52,106,63,52,78,0,0,28,21,200,20,173,1,27
2014,3,,1020,6.080,79,8,933,119,814,1860,112,230,274,195,122,88,845,825,108,84,24,543,390,504,321,39,69,31,53,8,16,332,180,421,325,177,323,7,3,98,68,865,67,758,1,107
2014,4,,1126,5.230,72,8,1046,68,978,1705.950,67,207,480,206,86,32,1014,963,83,70,13,549,497,510,453,39,44,37,33,2,11,338,237,471,333,237,393,5,0,78,79,967,75,888,4,79
2014,5,,1093,5.420,58,4,1031,172,859,1881,166,168,388,191,118,99,932,934,97,80,17,597,434,556,378,41,56,36,44,5,12,354,157,520,350,156,428,4,1,92,77,954,77,857,0,97
2014,6,,1102,7.500,126,8,968,196,772,1811.360,192,136,370,178,92,279,689,881,87,78,9,605,363,565,316,40,47,35,43,5,4,315,137,516,309,135,437,6,2,79,72,896,69,812,3,84
2014,7,,1474,10.190,104,6,1364,229,1135,1725,224,171,614,282,73,239,1125,1269,95,73,22,877,487,842,427,35,60,31,42,4,18,472,175,717,466,173,630,6,2,87,117,1247,115,1154,2,93
2014,8,,986,7.860,88,1,897,162,735,1676,155,130,398,144,70,155,742,813,84,71,13,562,335,524,289,38,46,31,40,7,6,286,105,506,282,105,426,4,0,80,84,813,82,731,2,82
2014,9,,704,7.360,68,3,633,97,536,1210,97,226,196,78,36,161,472,576,57,37,20,399,234,380,196,19,38,13,24,6,14,251,99,283,248,96,232,3,3,51,37,596,37,539,0,57
2014,10,,283,4.090,35,3,245,53,192,1875,50,30,96,49,20,98,147,215,30,26,4,151,94,144,71,7,23,7,19,0,4,88,37,120,88,36,91,0,1,29,18,227,15,200,3,27
2014,11,,258,2.320,28,1,229,35,194,2340,36,27,76,67,23,61,168,196,33,25,8,132,97,117,79,15,18,14,11,1,7,60,36,133,60,34,102,0,2,31,14,215,13,183,1,32
2014,12,,316,3.660,43,2,271,69,202,2100,68,36,85,58,24,111,160,241,30,26,4,187,84,171,70,16,14,15,11,1,3,111,35,125,110,34,97,1,1,28,17,254,16,225,1,29
2014,13,,136,3.060,36,1,99,32,67,2100,32,13,25,19,10,24,75,88,11,10,1,54,45,49,39,5,6,5,5,0,1,33,20,46,32,20,36,1,0,10,4,95,4,84,0,11
2014,14,,190,3.100,22,2,166,46,120,1933.500,48,28,47,34,9,75,91,138,28,24,4,99,67,88,50,11,17,11,13,0,4,57,24,85,55,24,59,2,0,26,8,158,8,130,0,28
2014,15,,347,4.140,65,2,280,81,199,1800,79,43,95,44,19,123,157,251,29,22,7,186,94,173,78,13,16,10,12,3,4,106,42,132,104,42,105,2,0,27,20,260,20,231,0,29
2014,16,,797,7.860,114,3,680,146,534,1800,143,103,264,121,49,249,431,627,53,43,10,445,235,421,206,24,29,21,22,3,7,251,84,345,250,84,293,1,0,52,61,619,58,569,3,50
2014,17,,859,7.820,99,13,747,122,625,1600,121,109,337,127,53,181,566,695,52,47,5,492,255,475,220,17,35,15,32,2,3,273,87,387,272,86,337,1,1,50,52,695,52,643,0,52
2014,18,,279,7.380,49,2,228,46,182,3115.550,47,17,48,58,58,41,187,195,33,28,5,136,92,120,75,16,17,16,12,0,5,51,24,153,50,24,121,1,0,32,22,206,19,176,3,30
2014,19,,167,4.400,19,3,145,39,106,2510.400,37,6,48,35,19,17,128,135,10,9,1,84,61,79,56,5,5,5,4,0,1,43,20,82,42,20,73,1,0,9,15,130,14,121,1,9
2014,20,,1110,7.220,131,11,968,179,789,1950,179,154,340,209,86,184,784,870,98,70,28,615,353,578,292,37,61,31,39,6,22,341,118,509,339,116,415,2,2,94,79,889,77,793,2,96
2014,21,,698,7.570,74,8,616,106,510,1670,101,77,285,110,43,129,487,560,56,46,10,389,227,366,194,23,33,20,26,3,7,219,82,315,216,80,264,3,2,51,55,561,48,512,7,49
2014,22,,235,3.080,31,2,202,44,158,1650,43,36,73,34,16,86,116,173,29,20,9,119,83,104,69,15,14,12,8,3,6,71,27,104,69,27,77,2,0,27,18,184,18,155,0,29
2014,23,,178,3.630,31,1,146,28,118,1717,27,30,49,26,14,32,114,125,21,17,4,85,61,77,48,8,13,8,9,0,4,49,22,75,48,22,55,1,0,20,11,135,11,114,0,21
2014,24,,786,6.940,85,6,695,128,567,2202.500,127,70,258,153,87,233,462,624,71,52,19,448,247,428,196,20,51,16,36,4,15,257,82,356,253,82,289,4,0,67,68,627,67,557,1,70
2014,25,,292,2.160,30,2,260,57,203,1948.500,56,46,84,50,24,54,206,237,23,18,5,148,112,141,96,7,16,6,12,1,4,88,42,130,87,42,108,1,0,22,22,238,21,216,1,22
2014,26,,456,3.570,82,6,368,96,272,1925,96,59,115,72,26,94,274,329,39,31,8,231,137,217,112,14,25,14,17,0,8,126,45,197,125,45,159,1,0,38,22,346,22,307,0,39
2014,27,,778,4.750,71,6,701,132,569,1729.500,125,180,179,136,81,102,599,610,91,51,40,407,294,379,231,28,63,22,29,6,34,247,105,349,245,105,260,2,0,89,42,659,41,569,1,90
2014,28,,1001,6.600,109,10,882,125,757,1700,129,182,326,159,86,211,671,799,83,67,16,512,370,480,319,32,51,27,40,5,11,277,167,438,276,163,360,1,4,78,69,813,66,733,3,80
2014,29,,832,7.390,108,3,721,113,608,1775,114,105,319,126,57,156,565,637,84,72,12,412,309,379,258,33,51,31,41,2,10,208,104,409,204,104,329,4,0,80,47,674,46,591,1,83
2014,30,,276,2.930,55,1,220,51,169,2100,51,26,80,45,18,51,169,194,26,19,7,137,83,126,68,11,15,9,10,2,5,75,30,115,74,30,90,1,0,25,16,204,15,179,1,25
2014,31,,305,3.280,62,3,240,56,184,1915.190,54,32,90,47,17,50,190,209,31,23,8,150,90,137,72,13,18,12,11,1,7,76,24,140,73,24,112,3,0,28,12,228,12,197,0,31
2014,32,,140,1.100,15,3,122,26,96,3000,25,5,29,41,22,14,108,104,18,16,2,72,50,62,42,10,8,10,6,0,2,38,12,72,38,12,54,0,0,18,9,113,9,95,0,18
2014,33,,248,2.030,34,3,211,52,159,2100,53,19,77,49,13,34,177,182,29,16,13,127,84,110,72,17,12,11,5,6,7,78,29,104,76,28,78,2,1,26,10,201,9,173,1,28
2014,34,,415,7.370,70,9,336,100,236,2125,100,33,103,70,30,150,186,301,35,26,9,209,127,191,110,18,17,15,11,3,6,114,43,179,113,43,145,1,0,34,26,310,25,276,1,34
2014,35,,263,2.220,48,4,211,53,158,1900.800,53,30,72,45,11,60,151,183,28,24,4,134,77,118,65,16,12,13,11,3,1,74,30,107,72,30,81,2,0,26,16,195,16,167,0,28
2014,36,,268,3.850,55,1,212,52,160,2203.750,52,23,75,51,11,76,136,190,22,19,3,141,71,134,56,7,15,7,12,0,3,87,25,100,87,25,78,0,0,22,13,199,13,177,0,22
2014,37,,754,7.520,83,3,668,119,549,1700,119,97,278,114,60,219,449,611,57,51,6,457,211,432,179,25,32,22,29,3,3,246,66,356,242,65,304,4,1,52,67,601,66,545,1,56
2014,38,,160,2.560,31,0,129,27,102,2400,27,14,40,29,19,27,102,108,21,16,5,80,49,72,36,8,13,8,8,0,5,42,18,69,42,17,49,0,1,20,12,117,11,97,1,20
2014,39,,183,2.080,27,1,155,31,124,1905,31,27,55,29,13,21,134,134,21,17,4,98,57,84,50,14,7,12,5,2,2,49,24,82,49,24,61,0,0,21,20,135,19,115,1,20
2014,40,,276,1.960,41,2,233,50,183,2250,50,26,78,59,20,33,200,207,26,24,2,138,95,128,79,10,16,9,15,1,1,79,36,118,77,35,95,2,1,23,20,213,19,188,1,25
2014,41,,130,1.920,9,1,120,9,111,1947.840,9,20,52,24,15,8,112,108,12,12,0,71,49,67,41,4,8,4,8,0,0,38,24,58,37,24,47,1,0,11,11,109,11,97,0,12
2014,42,,383,1.670,18,4,361,30,331,3913.990,30,12,73,126,120,5,356,310,51,49,2,159,202,138,172,21,30,21,28,0,2,90,90,181,84,89,137,6,1,44,34,327,31,279,3,48
2014,43,,131,0.740,6,3,122,14,108,2843.370,14,13,36,31,28,1,121,110,12,12,0,55,67,47,63,8,4,8,4,0,0,19,35,68,18,35,57,1,0,11,7,115,7,103,0,12
2014,44,,135,0.600,7,1,127,13,114,2263.050,12,10,53,35,17,3,124,116,11,9,2,60,67,58,58,2,9,2,7,0,2,36,22,69,36,20,60,0,2,9,12,115,11,105,1,10
2014,45,,207,2.310,34,2,171,43,128,2000,42,20,62,29,18,38,133,143,28,25,3,105,66,93,50,12,16,12,13,0,3,62,22,87,59,22,62,3,0,25,11,160,11,132,0,28
2014,46,,422,1.990,18,3,401,58,343,1871.480,57,61,152,91,40,16,385,363,38,26,12,198,203,183,180,15,23,14,12,1,11,122,87,192,117,86,160,5,1,32,36,365,33,330,3,35
2014,47,,147,0.870,11,3,133,25,108,1950,24,23,42,30,14,10,123,114,19,13,6,78,55,72,42,6,13,6,7,0,6,45,21,67,45,21,48,0,0,19,9,124,8,106,1,18
2014,48,,505,2.400,47,1,457,77,380,2025.500,78,39,196,100,44,16,441,413,44,26,18,232,225,216,197,16,28,11,15,5,13,123,82,252,122,82,209,1,0,43,35,422,34,379,1,43
2014,49,,644,3.290,69,5,570,68,502,2044.100,69,78,234,142,47,40,530,509,61,52,9,332,238,312,197,20,41,19,33,1,8,200,82,288,199,81,229,1,1,59,51,519,50,459,1,60
2014,50,,335,3.220,49,1,285,38,247,2612.500,39,19,96,91,40,40,245,255,30,26,4,176,109,162,93,14,16,12,14,2,2,97,50,138,97,50,108,0,0,30,24,261,23,232,1,29
2015,1,,232,1.450,56,3,173,47,126,2572,47,20,40,42,24,20,153,137,36,28,8,96,77,83,54,13,23,11,17,2,6,51,31,91,49,31,57,2,0,34,11,162,10,127,1,35
2015,2,,267,1.380,24,4,239,23,216,3011.340,23,24,63,67,62,14,225,206,33,27,6,118,121,102,104,16,17,16,11,0,6,68,50,121,66,50,90,2,0,31,40,199,37,169,3,30
2015,3,,825,4.800,107,11,707,97,610,1967.530,97,121,249,153,87,70,637,622,85,68,17,403,304,368,254,35,50,32,36,3,14,198,116,393,196,115,311,2,1,82,88,619,87,535,1,84
2015,4,,968,4.390,84,5,879,89,790,1797,86,143,402,167,81,42,837,781,98,80,18,454,425,411,370,43,55,39,41,4,14,253,188,438,248,184,349,5,4,89,84,795,82,699,2,96
2015,5,,1176,5.820,93,5,1078,143,935,1923.390,140,210,377,220,131,87,991,945,133,120,13,634,444,572,373,62,71,58,62,4,9,348,201,529,344,198,403,4,3,126,98,980,95,850,3,130
2015,6,,1075,7.450,171,3,901,160,741,1700,157,161,353,168,62,246,655,804,97,89,8,585,316,543,261,42,55,41,48,1,7,290,112,499,288,108,408,2,4,91,90,811,88,716,2,95
2015,7,,1356,9.540,153,6,1197,156,1041,1683,150,188,564,219,76,159,1038,1087,110,98,12,785,412,723,364,62,48,56,42,6,6,353,165,679,347,162,578,6,3,101,174,1023,168,919,6,104
2015,8,,1016,8.130,144,4,868,119,749,1525,119,178,377,132,62,147,721,790,78,64,14,552,316,519,271,33,45,30,34,3,11,279,131,458,274,131,385,5,0,73,99,769,97,693,2,76
2015,9,,639,6.620,109,2,528,89,439,1470,87,149,174,76,42,148,380,467,61,42,19,323,205,302,165,21,40,15,27,6,13,189,93,246,186,93,188,3,0,58,51,477,50,417,1,60
2015,10,,311,4.480,57,1,253,49,204,1792.500,47,35,111,49,11,79,174,215,38,35,3,158,95,143,72,15,23,13,22,2,1,91,37,125,87,37,91,4,0,34,29,224,28,187,1,37
2015,11,,185,1.640,27,1,157,17,140,2500,18,16,53,50,20,36,121,136,21,15,6,86,71,79,57,7,14,7,8,0,6,44,26,87,43,26,67,1,0,20,17,140,16,120,1,20
2015,12,,272,3.130,53,3,216,57,159,1600,58,29,81,32,16,96,120,191,25,21,4,139,77,127,64,12,13,12,9,0,4,75,30,111,75,30,86,0,0,25,24,192,23,168,1,24
2015,13,,137,2.980,46,0,91,15,76,2316,15,3,37,24,12,27,64,76,15,14,1,57,34,50,26,7,8,7,7,0,1,29,18,44,29,18,29,0,0,15,5,86,5,71,0,15
2015,14,,211,3.350,57,0,154,35,119,1800,35,22,58,23,16,45,109,127,27,24,3,95,59,83,44,12,15,12,12,0,3,60,26,68,57,26,44,3,0,24,17,137,17,110,0,27
2015,15,,362,4.320,79,0,283,65,218,1635,67,45,107,47,17,127,156,254,29,28,1,186,97,174,80,12,17,11,17,1,0,117,43,123,113,43,98,4,0,25,39,244,38,216,1,28
2015,16,,725,7.190,140,9,576,82,494,1795,80,110,231,110,45,209,367,508,68,58,10,384,192,356,152,28,40,25,33,3,7,197,66,313,193,66,249,4,0,64,76,500,72,436,4,64
2015,17,,901,8.230,145,4,752,97,655,1630,96,146,311,140,59,205,547,675,77,68,9,487,265,462,213,25,52,23,45,2,7,252,91,409,246,91,338,6,0,71,98,654,96,579,2,75
2015,18,,238,6.120,72,2,164,27,137,2540,27,15,49,52,21,51,113,128,36,31,5,97,67,82,46,15,21,14,17,1,4,45,21,98,43,20,65,2,1,33,14,150,13,115,1,35
2015,19,,173,4.470,30,2,141,16,125,2379.640,15,15,57,34,20,9,132,121,20,20,0,89,52,78,43,11,9,11,9,0,0,47,18,76,46,18,57,1,0,19,22,119,22,99,0,20
2015,20,,1170,7.550,178,19,973,119,854,1711.950,116,191,419,165,82,199,774,872,101,85,16,629,344,580,292,49,52,45,40,4,12,317,115,541,310,113,449,7,2,92,143,830,139,733,4,97
2015,21,,690,7.410,116,2,572,60,512,1674.860,58,73,311,100,30,110,462,519,53,45,8,359,213,332,187,27,26,25,20,2,6,187,82,303,186,82,251,1,0,52,64,508,63,456,1,52
2015,22,,234,3.050,57,2,175,24,151,1602.500,25,27,78,34,11,72,103,152,23,21,2,121,54,114,38,7,16,7,14,0,2,71,18,86,70,18,64,1,0,22,20,155,19,133,1,22
2015,23,,189,3.760,64,1,124,28,96,2039.250,28,23,39,27,7,32,92,106,18,16,2,77,47,71,35,6,12,4,12,2,0,48,15,61,48,14,44,0,1,17,8,116,8,98,0,18
2015,24,,727,6.410,144,4,579,98,481,1998,96,79,224,119,61,168,411,503,76,59,17,363,216,339,164,24,52,20,39,4,13,188,61,330,187,60,256,1,1,74,72,507,70,433,2,74
2015,25,,260,1.900,25,2,233,36,197,1911.360,38,42,77,52,24,51,182,208,25,14,11,112,121,103,105,9,16,8,6,1,10,66,54,113,64,54,90,2,0,23,18,215,17,191,1,24
2015,26,,368,2.880,72,2,294,52,242,1700,51,53,113,54,23,72,222,267,27,21,6,184,110,173,94,11,16,8,13,3,3,104,43,147,103,43,121,1,0,26,24,270,24,243,0,27
2015,27,,815,4.890,118,7,690,126,564,1502.210,127,202,193,117,51,89,601,608,82,57,25,406,284,371,237,35,47,31,26,4,21,248,139,303,241,139,228,7,0,75,68,622,65,543,3,79
2015,28,,839,5.560,120,4,715,85,630,1604.880,86,161,289,120,59,168,547,639,76,64,12,432,283,399,240,33,43,30,34,3,9,207,138,370,203,137,299,4,1,71,92,623,90,549,2,74
2015,29,,739,6.650,105,6,628,75,553,1700,73,118,270,122,45,144,484,546,82,70,12,392,236,351,195,41,41,36,34,5,7,186,85,357,178,83,285,8,2,72,84,544,76,470,8,74
2015,30,,276,2.920,55,4,217,54,163,2100,52,23,77,47,18,49,168,190,27,22,5,120,97,110,80,10,17,8,14,2,3,66,45,106,66,45,79,0,0,27,23,194,22,168,1,26
2015,31,,316,3.400,81,3,232,42,190,1818.470,42,24,102,51,13,40,192,198,34,29,5,144,88,130,68,14,20,11,18,3,2,76,30,126,75,30,93,1,0,33,25,207,25,173,0,34
2015,32,,113,0.890,14,1,98,18,80,3274.510,17,6,25,27,23,8,90,91,7,6,1,57,41,53,38,4,3,3,3,1,0,28,21,49,28,20,43,0,1,6,14,84,13,78,1,6
2015,33,,238,1.920,51,4,183,38,145,2067.980,38,15,76,36,18,29,154,163,20,16,4,102,81,98,65,4,16,4,12,0,4,59,35,89,59,35,69,0,0,20,15,168,15,148,0,20
2015,34,,394,6.960,103,3,288,61,227,2647.450,62,30,80,64,52,118,170,249,39,35,4,186,102,169,80,17,22,17,18,0,4,96,33,159,96,33,120,0,0,39,29,259,28,221,1,38
2015,35,,246,2.070,57,3,186,42,144,2100,41,20,63,37,25,43,143,153,33,31,2,107,79,97,56,10,23,10,21,0,2,53,24,109,52,24,77,1,0,32,16,170,15,138,1,32
2015,36,,214,3.080,46,2,166,35,131,1800,35,23,65,23,20,40,126,144,22,17,5,100,66,89,55,11,11,9,8,2,3,56,29,81,56,29,59,0,0,22,17,149,17,127,0,22
2015,37,,635,6.370,112,3,520,70,450,1744,71,98,211,101,39,171,349,460,60,57,3,329,191,308,152,21,39,20,37,1,2,171,73,276,166,73,221,5,0,55,77,443,74,386,3,57
2015,38,,171,2.690,41,2,128,25,103,2000,25,13,47,26,17,40,88,104,24,23,1,86,42,70,34,16,8,16,7,0,1,42,11,75,39,11,54,3,0,21,17,111,15,89,2,22
2015,39,,179,2.040,34,0,145,29,116,2367.500,29,14,52,29,21,16,129,118,27,25,2,80,65,68,50,12,15,11,14,1,1,50,26,69,48,26,44,2,0,25,18,127,17,101,1,26
2015,40,,214,1.500,33,1,180,41,139,2580,42,11,55,43,29,13,167,152,28,24,4,106,74,93,59,13,15,11,13,2,2,56,36,88,56,36,60,0,0,28,21,159,21,131,0,28
2015,41,,107,1.550,12,0,95,11,84,2251.360,11,8,42,25,9,5,90,85,10,10,0,53,42,50,35,3,7,3,7,0,0,34,17,44,34,16,35,0,1,9,13,82,13,72,0,10
2015,42,,462,1.910,26,3,433,31,402,3922.760,30,13,79,167,144,5,428,361,72,69,3,190,243,152,209,38,34,37,32,1,2,96,137,200,91,135,135,5,2,65,62,371,57,304,5,67
2015,43,,128,0.720,9,1,118,13,105,3367.700,13,4,31,36,34,3,115,96,22,22,0,60,58,48,48,12,10,12,10,0,0,29,28,61,27,28,41,2,0,20,8,110,8,88,0,22
2015,44,,163,0.730,13,1,149,20,129,3054.880,19,8,48,43,31,0,149,129,20,17,3,78,71,69,60,9,11,8,9,1,2,39,26,84,38,25,66,1,1,18,14,135,14,115,0,20
2015,45,,213,2.370,35,0,178,43,135,2027,42,10,75,36,15,24,154,157,21,20,1,112,66,101,56,11,10,11,9,0,1,67,24,87,67,24,66,0,0,21,19,159,18,139,1,20
2015,46,,412,1.930,26,4,382,83,299,2084.760,83,44,128,79,48,5,377,339,43,37,6,194,188,179,160,15,28,15,22,0,6,117,81,184,115,78,146,2,3,38,39,343,39,300,0,43
2015,47,,123,0.730,15,1,107,28,79,2100,28,8,40,24,7,3,104,97,10,9,1,57,50,53,44,4,6,4,5,0,1,34,22,51,34,22,41,0,0,10,11,96,10,87,1,9
2015,48,,505,2.380,49,5,451,166,285,2231.440,165,47,108,85,46,13,438,397,54,46,8,232,219,210,187,22,32,19,27,3,5,134,98,219,132,94,171,2,4,48,46,405,43,354,3,51
2015,49,,662,3.330,72,5,585,122,463,2123.790,123,80,209,126,47,36,549,523,62,50,12,333,252,300,223,33,29,29,21,4,8,174,116,295,169,114,240,5,2,55,74,511,72,451,2,60
2015,50,,348,3.250,47,1,300,68,232,2639,67,17,93,87,36,36,264,255,45,39,6,148,152,130,125,18,27,15,24,3,3,76,63,161,74,61,120,2,2,41,33,267,33,222,0,45
2016,1,,178,1.110,27,3,148,28,120,1856.500,28,33,46,31,10,22,126,130,18,18,0,91,57,78,52,13,5,13,5,0,0,50,24,74,49,24,57,1,0,17,22,126,21,109,1,17
2016,2,,214,1.090,27,1,186,31,155,2919,31,20,44,53,38,12,174,160,26,19,7,99,87,88,72,11,15,10,9,1,6,54,43,89,53,43,64,1,0,25,20,166,18,142,2,24
2016,3,,751,4.270,110,7,634,83,551,2226,71,105,199,156,103,67,567,543,91,74,17,347,287,310,233,37,54,34,40,3,14,174,110,350,169,109,265,5,1,85,81,553,76,467,5,86
2016,4,,968,4.280,113,6,849,90,759,2107,90,98,344,229,88,29,820,758,91,78,13,469,380,430,328,39,52,37,41,2,11,263,136,450,259,136,363,4,0,87,118,731,115,643,3,88
2016,5,,1050,5.180,102,9,939,63,876,2247.500,61,138,354,277,109,68,871,842,97,88,9,553,386,506,336,47,50,45,43,2,7,313,157,469,307,155,380,6,2,89,150,789,146,696,4,93
2016,6,,897,6.330,128,8,761,114,647,1870,114,108,326,139,74,179,582,667,94,87,7,464,297,420,247,44,50,40,47,4,3,212,97,452,207,96,364,5,1,88,109,652,105,562,4,90
2016,7,,1216,8.710,130,7,1079,121,958,1866.250,121,118,518,239,83,154,925,975,104,99,5,678,401,624,351,54,50,54,45,0,5,302,134,643,297,133,545,5,1,98,179,900,176,799,3,101
2016,8,,894,7.180,109,5,780,100,680,1660,93,157,310,173,47,110,670,690,90,81,9,463,317,414,276,49,41,47,34,2,7,211,114,455,209,112,369,2,2,86,115,665,110,580,5,85
2016,9,,554,5.690,84,3,467,63,404,1650,63,102,181,80,41,127,340,416,51,40,11,302,165,280,136,22,29,20,20,2,9,168,58,241,166,57,193,2,1,48,74,393,73,343,1,50
2016,10,,304,4.380,48,3,253,32,221,1803.870,31,44,111,43,24,71,182,218,35,33,2,158,95,144,74,14,21,13,20,1,1,72,29,152,71,29,118,1,0,34,43,210,42,176,1,34
2016,11,,190,1.670,30,0,160,21,139,2895,21,21,38,53,27,35,125,141,19,15,4,91,69,81,60,10,9,8,7,2,2,48,29,83,47,28,66,1,1,17,29,131,29,112,0,19
2016,12,,290,3.310,69,0,221,41,180,1800,39,40,77,52,13,88,133,194,27,26,1,150,71,134,60,16,11,16,10,0,1,76,21,124,74,20,100,2,1,24,22,199,22,172,0,27
2016,13,,111,2.330,35,0,76,23,53,2400,23,3,24,16,10,17,59,61,15,15,0,42,34,35,26,7,8,7,8,0,0,16,16,44,16,16,29,0,0,15,13,63,13,48,0,15
2016,14,,148,2.290,42,0,106,25,81,1950,25,16,34,24,7,31,75,93,13,13,0,63,43,55,38,8,5,8,5,0,0,38,14,54,36,14,43,2,0,11,11,95,11,82,0,13
2016,15,,294,3.510,70,3,221,59,162,1800,60,37,73,36,15,95,126,195,26,24,2,143,78,131,64,12,14,12,12,0,2,76,27,118,75,27,93,1,0,25,31,190,29,166,2,24
2016,16,,682,6.800,129,4,549,94,455,1832.500,91,82,228,104,44,171,378,492,57,55,2,367,182,343,149,24,33,24,31,0,2,184,53,312,182,51,259,2,2,53,87,462,87,405,0,57
2016,17,,775,7.100,133,4,638,91,547,1647.500,86,103,289,106,54,160,478,573,65,55,10,395,243,366,207,29,36,25,30,4,6,175,72,391,175,72,326,0,0,65,101,537,100,473,1,64
2016,18,,234,5.860,77,2,155,19,136,2459,19,16,53,33,34,31,124,127,28,27,1,83,72,69,58,14,14,14,13,0,1,33,21,101,31,21,75,2,0,26,18,137,17,110,1,27
2016,19,,139,3.530,25,1,113,13,100,2290,13,8,49,25,18,9,104,96,17,16,1,53,60,46,50,7,10,7,9,0,1,24,25,64,24,25,47,0,0,17,14,99,13,83,1,16
2016,20,,869,5.560,100,9,760,109,651,1800,109,113,335,143,60,130,630,671,89,74,15,465,295,427,244,38,51,35,39,3,12,222,100,438,220,99,352,2,1,86,115,645,111,560,4,85
2016,21,,599,6.380,105,0,494,65,429,1760,59,57,278,72,28,79,415,444,50,42,8,306,188,289,155,17,33,15,27,2,6,172,68,254,170,67,207,2,1,47,79,415,76,368,3,47
2016,22,,229,2.960,67,0,162,42,120,1950,39,20,65,25,13,59,103,143,19,19,0,107,55,99,44,8,11,8,11,0,0,48,21,93,48,20,75,0,1,18,17,145,17,126,0,19
2016,23,,157,3.050,34,0,123,19,104,1900,19,21,49,26,8,27,96,104,19,18,1,71,52,60,44,11,8,10,8,1,0,37,20,66,33,19,52,4,1,14,15,108,13,91,2,17
2016,24,,656,5.780,101,4,551,107,444,2200,102,55,209,127,58,154,397,482,69,60,9,332,219,303,179,29,40,27,33,2,7,154,81,316,151,80,251,3,1,65,52,499,50,432,2,67
2016,25,,224,1.620,27,1,196,26,170,2234.090,26,26,67,54,23,27,169,168,28,23,5,108,88,94,74,14,14,13,10,1,4,69,32,95,63,31,74,6,1,21,32,164,28,140,4,24
2016,26,,277,2.160,56,2,219,39,180,2195,39,28,81,46,25,53,166,190,29,26,3,131,88,118,72,13,16,11,15,2,1,75,31,113,74,31,85,1,0,28,30,189,30,160,0,29
2016,27,,663,3.910,83,5,575,85,490,1800,85,151,167,120,52,49,526,505,70,50,20,321,254,292,213,29,41,25,25,4,16,186,118,271,184,117,204,2,1,67,74,501,72,433,2,68
2016,28,,787,5.240,118,8,661,87,574,1800,87,110,266,123,75,142,519,577,84,71,13,407,254,373,204,34,50,34,37,0,13,190,86,385,185,84,308,5,2,77,87,574,85,492,2,82
2016,29,,668,6.090,115,6,547,78,469,1847.500,77,77,238,121,34,108,439,485,62,52,10,323,224,295,190,28,34,24,28,4,6,148,64,335,145,62,278,3,2,57,68,479,66,419,2,60
2016,30,,218,2.300,47,2,169,37,132,2260,37,12,63,39,18,26,143,140,29,28,1,97,72,86,54,11,18,10,18,1,0,48,25,96,47,24,69,1,1,27,27,142,25,115,2,27
2016,31,,264,2.830,56,2,206,30,176,2210,29,14,92,51,20,42,164,186,20,19,1,135,71,122,64,13,7,13,6,0,1,71,29,106,71,29,86,0,0,20,32,174,30,156,2,18
2016,32,,110,0.870,12,0,98,22,76,3525,22,6,24,25,21,8,90,86,12,10,2,45,53,42,44,3,9,3,7,0,2,23,23,52,23,23,40,0,0,12,13,85,12,74,1,11
2016,33,,183,1.460,35,0,148,26,122,2697.500,26,16,41,37,28,25,123,127,21,18,3,77,71,68,59,9,12,8,10,1,2,36,27,85,35,27,65,1,0,20,20,128,20,107,0,21
2016,34,,350,6.150,94,3,253,61,192,2300,58,22,81,55,37,96,157,226,27,25,2,156,97,139,87,17,10,16,9,1,1,74,43,136,74,42,110,0,1,26,36,217,34,192,2,25
2016,35,,195,1.640,48,3,144,29,115,2200,29,17,47,32,19,31,113,125,19,18,1,91,53,78,47,13,6,12,6,1,0,50,19,75,47,19,59,3,0,16,27,117,26,99,1,18
2016,36,,199,2.880,44,2,153,26,127,2157.380,25,22,54,34,18,34,119,131,22,20,2,97,56,86,45,11,11,11,9,0,2,50,17,86,50,16,65,0,1,21,20,133,20,111,0,22
2016,37,,556,5.610,119,5,432,65,367,1780,63,68,193,64,44,118,314,366,66,54,12,283,149,248,118,35,31,30,24,5,7,123,46,263,120,44,202,3,2,61,62,370,62,304,0,66
2016,38,,134,2.080,35,0,99,18,81,2762.500,17,11,23,29,19,16,83,87,12,11,1,65,34,59,28,6,6,5,6,1,0,40,14,45,39,13,35,1,1,10,17,82,16,71,1,11
2016,39,,137,1.570,24,1,112,38,74,2400,38,7,34,19,14,15,97,96,16,16,0,68,44,61,35,7,9,7,9,0,0,37,11,64,35,11,50,2,0,14,13,99,12,84,1,15
2016,40,,179,1.240,32,1,146,24,122,2422.420,24,12,50,39,21,18,128,128,18,17,1,81,65,70,58,11,7,11,6,0,1,42,25,79,40,25,63,2,0,16,14,132,12,116,2,16
2016,41,,95,1.350,13,0,82,11,71,2205.980,10,7,33,19,13,10,72,72,10,9,1,54,28,49,23,5,5,4,5,1,0,31,14,37,30,14,28,1,0,9,11,71,11,61,0,10
2016,42,,409,1.600,24,5,380,28,352,4078.360,28,5,78,135,134,3,377,323,57,56,1,176,204,147,176,29,28,29,27,0,1,80,100,200,77,99,147,3,1,53,66,314,61,262,5,52
2016,43,,121,0.670,19,2,100,15,85,2861.260,15,7,30,23,25,3,97,84,16,14,2,48,52,42,42,6,10,5,9,1,1,22,26,52,22,26,36,0,0,16,10,90,10,74,0,16
2016,44,,120,0.540,8,2,110,14,96,2968.540,14,2,28,44,22,3,107,99,11,11,0,57,53,52,47,5,6,5,6,0,0,33,24,53,33,24,42,0,0,11,19,91,19,80,0,11
2016,45,,176,1.950,29,0,147,23,124,2415,23,7,57,35,25,14,133,128,19,16,3,87,60,79,49,8,11,8,8,0,3,46,31,70,45,30,53,1,1,17,19,128,18,110,1,18
2016,46,,368,1.720,29,0,339,92,247,2307,92,40,92,79,36,7,332,296,43,30,13,173,166,154,142,19,24,18,12,1,12,103,79,157,100,78,118,3,1,39,44,295,39,257,5,38
2016,47,,114,0.680,16,0,98,14,84,2527.500,14,11,30,32,11,7,91,84,14,11,3,50,48,42,42,8,6,6,5,2,1,26,21,51,26,21,37,0,0,14,11,87,11,73,0,14
2016,48,,465,2.180,52,1,412,138,274,2207.400,139,55,89,84,45,11,401,380,32,26,6,202,210,186,194,16,16,15,11,1,5,112,102,198,109,102,169,3,0,29,42,370,41,339,1,31
2016,49,,567,2.810,63,5,499,100,399,2198.900,99,47,195,110,48,38,461,434,65,58,7,294,205,257,177,37,28,35,23,2,5,166,104,229,159,104,171,7,0,58,74,425,68,366,6,59
2016,50,,289,2.630,52,6,231,50,181,2675,50,13,68,64,36,18,213,196,35,31,4,139,92,121,75,18,17,18,13,0,4,75,37,119,72,36,88,3,1,31,35,196,34,162,1,34
2017,1,16079,155,0.960,24,1,130,29,101,2447.060,29,14,38,33,16,22,108,111,19,16,3,72,58,62,49,10,9,9,7,1,2,39,19,72,36,19,56,3,0,16,18,112,16,95,2,17
2017,2,19839,217,1.090,17,4,196,32,164,2910.690,32,19,52,47,46,12,184,158,38,35,3,90,106,72,86,18,20,17,18,1,2,48,54,94,45,53,60,3,1,34,30,166,27,131,3,35
2017,3,18016,696,3.860,55,4,637,72,565,2575.960,72,62,210,175,118,65,572,553,84,69,15,348,289,305,248,43,41,41,28,2,13,175,115,347,172,112,269,3,3,78,86,551,82,471,4,80
2017,4,23152,972,4.200,71,15,886,59,827,2250,60,107,349,256,114,22,864,786,100,89,11,453,433,404,382,49,51,47,42,2,9,242,199,445,238,198,350,4,1,95,117,769,114,672,3,97
2017,5,20316,1101,5.420,71,10,1020,98,922,2249.980,96,121,382,284,137,58,962,888,132,120,12,600,420,539,349,61,71,56,64,5,7,298,167,555,291,165,432,7,2,123,140,880,136,752,4,128
2017,6,13928,909,6.530,102,4,803,111,692,1950,105,93,361,182,62,188,615,718,85,76,9,503,300,456,262,47,38,43,33,4,5,208,93,502,202,93,423,6,0,79,122,681,120,598,2,83
2017,7,13720,1229,8.960,104,10,1115,147,968,1996.750,141,112,496,276,90,153,962,1004,111,102,9,709,406,648,356,61,50,59,43,2,7,293,131,691,287,128,589,6,3,102,181,934,174,830,7,104
2017,8,12403,865,6.970,76,4,785,84,701,1842,84,97,358,187,59,104,681,689,96,88,8,485,300,441,248,44,52,43,45,1,7,212,103,470,206,102,381,6,1,89,112,673,109,580,3,93
2017,9,9815,590,6.010,86,4,500,77,423,1939,75,70,187,117,51,143,357,443,57,43,14,324,176,298,145,26,31,22,21,4,10,173,59,268,170,57,216,3,2,52,73,427,69,374,4,53
2017,10,6950,262,3.770,29,4,229,33,196,2240,31,23,86,69,20,63,166,195,34,33,1,167,62,146,49,21,13,20,13,1,0,84,22,123,83,21,91,1,1,32,44,185,43,152,1,33
2017,11,11496,170,1.480,19,1,150,28,122,2764,26,13,43,47,21,29,121,124,26,22,4,85,65,78,46,7,19,6,16,1,3,42,27,81,40,26,58,2,1,23,20,130,19,105,1,25
2017,12,8818,240,2.720,34,1,205,60,145,1800,57,32,70,36,10,76,129,182,23,20,3,114,91,100,82,14,9,14,6,0,3,51,39,115,51,39,92,0,0,23,17,188,16,166,1,22
2017,13,4913,130,2.650,26,0,104,25,79,2865.130,26,6,28,26,18,19,85,93,11,11,0,56,48,52,41,4,7,4,7,0,0,27,13,64,26,13,54,1,0,10,6,98,5,88,1,10
2017,14,6641,151,2.270,25,1,125,32,93,2000,28,17,48,21,11,30,95,105,20,19,1,81,44,70,35,11,9,11,8,0,1,38,7,80,36,7,62,2,0,18,20,105,19,86,1,19
2017,15,8386,304,3.630,67,5,232,56,176,2100,49,31,79,48,25,87,145,205,27,26,1,141,91,135,70,6,21,6,20,0,1,68,29,135,68,28,109,0,1,26,20,212,20,185,0,27
2017,16,9973,591,5.930,75,6,510,82,428,1998.500,78,85,172,131,44,133,377,455,55,50,5,332,178,297,158,35,20,32,18,3,2,138,67,305,135,66,254,3,1,51,67,443,66,389,1,54
2017,17,10871,640,5.890,93,2,545,60,485,1845.670,58,65,260,112,50,119,426,492,53,45,8,352,193,322,170,30,23,28,17,2,6,161,64,320,156,63,273,5,1,47,85,460,81,411,4,49
2017,18,4103,212,5.170,36,0,176,28,148,2450,27,16,59,45,29,25,151,147,29,26,3,92,84,79,68,13,16,13,13,0,3,32,25,119,31,23,93,1,2,26,18,158,18,129,0,29
2017,19,4004,129,3.220,16,0,113,21,92,2658.480,21,3,35,44,10,10,103,87,26,24,2,65,48,50,37,15,11,15,9,0,2,34,20,59,30,20,37,4,0,22,17,96,16,71,1,25
2017,20,15772,917,5.810,93,7,817,113,704,1940,112,107,357,169,72,135,682,731,86,73,13,499,318,455,276,44,42,40,33,4,9,226,121,470,225,121,385,1,0,85,113,704,110,621,3,83
2017,21,9475,523,5.520,86,4,433,50,383,1850.500,45,28,229,93,38,89,344,377,56,53,3,265,168,242,135,23,33,22,31,1,2,121,53,259,118,52,207,3,1,52,48,385,45,332,3,53
2017,22,7805,211,2.700,48,2,161,42,119,1800,40,18,64,25,14,70,91,146,15,12,3,106,55,100,46,6,9,4,8,2,1,48,15,98,47,15,84,1,0,14,19,142,18,128,1,14
2017,23,5264,145,2.750,26,1,118,22,96,1998,21,14,48,23,12,24,94,105,13,12,1,69,49,64,41,5,8,5,7,0,1,38,14,66,36,14,55,2,0,11,14,104,14,91,0,13
2017,24,11365,657,5.780,96,5,556,103,453,2020,99,60,223,126,48,126,430,483,73,61,12,342,214,309,174,33,40,30,31,3,9,150,67,339,146,67,270,4,0,69,75,481,72,411,3,70
2017,25,14036,232,1.650,18,2,212,51,161,2557.500,49,29,51,53,30,43,169,178,34,25,9,120,92,105,73,15,19,14,11,1,8,56,28,128,54,28,96,2,0,32,26,186,24,154,2,32
2017,26,12856,262,2.040,38,0,224,54,170,2015,53,25,86,48,12,47,177,194,30,25,5,146,78,127,67,19,11,18,7,1,4,88,34,102,87,34,73,1,0,29,28,196,26,168,2,28
2017,27,17228,642,3.730,68,10,564,106,458,2400,105,64,182,152,61,74,490,504,60,46,14,310,254,289,215,21,39,18,28,3,11,181,97,286,178,95,231,3,2,55,72,492,72,432,0,60
2017,28,14951,690,4.620,107,7,576,84,492,1800,81,87,254,98,56,112,464,516,60,49,11,333,243,303,213,30,30,26,23,4,7,150,82,344,145,82,289,5,0,55,69,507,67,449,2,58
2017,29,10824,646,5.970,79,12,555,68,487,1910.880,71,76,253,116,39,94,461,486,69,61,8,300,255,267,219,33,36,31,30,2,6,120,82,353,115,81,290,5,1,63,70,485,65,421,5,64
2017,30,9511,182,1.910,35,2,145,32,113,2542.800,31,9,46,39,20,21,124,130,15,14,1,86,59,76,54,10,5,10,4,0,1,40,15,90,39,15,76,1,0,14,12,133,12,118,0,15
2017,31,9332,221,2.370,36,2,183,32,151,2157.500,31,25,67,41,19,29,154,163,20,18,2,121,62,110,53,11,9,10,8,1,1,67,26,90,67,25,71,0,1,19,26,157,26,137,0,20
2017,32,12585,99,0.790,15,1,83,17,66,3503,17,5,14,25,22,8,75,69,14,13,1,48,35,39,30,9,5,9,4,0,1,18,11,54,18,11,40,0,0,14,10,73,10,59,0,14
2017,33,12714,167,1.310,22,3,142,24,118,2242.500,24,12,52,47,7,20,122,125,17,14,3,72,70,64,61,8,9,8,6,0,3,43,30,69,42,30,53,1,0,16,17,125,17,108,0,17
2017,34,5716,342,5.980,81,3,258,42,216,2850,37,16,77,82,46,97,161,228,30,28,2,162,96,145,83,17,13,16,12,1,1,78,34,146,77,33,118,1,1,28,46,212,44,184,2,28
2017,35,11954,213,1.780,26,5,182,26,156,2250,27,26,63,46,20,36,146,157,25,22,3,112,70,101,56,11,14,11,11,0,3,66,26,90,66,26,65,0,0,25,22,160,21,136,1,24
2017,36,6891,165,2.390,32,2,131,32,99,2300,30,16,36,35,14,27,104,116,15,12,3,83,48,77,39,6,9,5,7,1,2,35,15,81,35,15,66,0,0,15,20,111,20,96,0,15
2017,37,9863,542,5.500,114,5,423,60,363,1837,55,65,176,89,38,111,312,373,50,46,4,262,161,236,137,26,24,24,22,2,2,113,56,254,109,55,209,4,1,45,56,367,55,318,1,49
2017,38,6551,156,2.380,29,0,127,23,104,2400,24,11,45,25,22,14,113,105,22,18,4,76,51,66,39,10,12,7,11,3,1,30,17,80,29,17,59,1,0,21,13,114,12,93,1,21
2017,39,8707,157,1.800,20,2,135,26,109,2275,26,9,52,30,18,17,118,113,22,21,1,82,53,72,41,10,12,9,12,1,0,50,15,70,47,15,51,3,0,19,18,117,18,95,0,22
2017,40,14580,186,1.280,33,2,151,29,122,2840.790,29,10,40,52,20,8,143,130,21,17,4,80,71,75,55,5,16,5,12,0,4,43,30,78,43,29,58,0,1,20,22,129,22,108,0,21
2017,41,7159,105,1.470,7,0,98,20,78,3054.970,20,8,19,29,22,9,89,76,22,22,0,53,45,39,37,14,8,14,8,0,0,23,19,56,23,19,34,0,0,22,15,83,14,62,1,21
2017,42,26847,370,1.380,21,2,347,28,319,4664.700,26,2,56,117,146,6,341,293,54,53,1,154,193,127,166,27,27,27,26,0,1,75,85,187,72,84,137,3,1,50,61,286,55,238,6,48
2017,43,18172,92,0.510,7,1,84,14,70,3347.240,14,2,20,23,25,0,84,69,15,11,4,39,45,32,37,7,8,6,5,1,3,21,20,43,19,19,31,2,1,12,12,72,10,59,2,13
2017,44,22045,121,0.550,4,0,117,13,104,3409.650,13,1,29,37,37,2,115,99,18,16,2,66,51,56,43,10,8,9,7,1,1,30,17,70,30,17,52,0,0,18,20,97,20,79,0,18
2017,45,9051,157,1.730,30,1,126,25,101,2292.270,25,9,42,34,16,14,112,111,15,14,1,78,48,72,39,6,9,6,8,0,1,40,18,68,40,16,55,0,2,13,16,110,15,96,1,14
2017,46,21515,359,1.670,25,2,332,61,271,2395,61,42,101,78,50,8,324,292,40,29,11,170,162,153,139,17,23,17,12,0,11,100,61,171,100,60,132,0,1,39,45,287,45,247,0,40
2017,47,16877,112,0.660,12,2,98,17,81,2491,17,8,33,29,11,4,94,89,9,7,2,55,43,52,37,3,6,2,5,1,1,29,12,57,28,12,49,1,0,8,12,86,11,78,1,8
2017,48,21484,419,1.950,38,3,378,126,252,2497.980,124,36,91,84,43,5,373,354,24,20,4,207,171,196,158,11,13,9,11,2,2,126,79,173,123,78,153,3,1,20,48,330,46,308,2,22
2017,49,20450,485,2.370,40,3,442,90,352,2235,89,44,156,109,44,24,418,375,67,54,13,236,206,210,165,26,41,22,32,4,9,133,84,225,129,82,164,4,2,61,51,391,49,326,2,65
2017,50,11289,281,2.490,43,0,238,67,171,2726.950,68,18,57,62,33,27,211,204,34,33,1,126,112,114,90,12,22,11,22,1,0,71,53,114,70,52,82,1,1,32,25,213,25,179,0,34
